<?xml version="1.0" encoding="UTF-8"?>
<project-private xmlns="http://www.netbeans.org/ns/project-private/1">
    <editor-bookmarks xmlns="http://www.netbeans.org/ns/editor-bookmarks/2" lastBookmarkId="0"/>
    <open-files xmlns="http://www.netbeans.org/ns/projectui-open-files/2">
        <group>
            <file>file:/C:/Users/Kohak/Documents/NetBeansProjects/Guia%20II%20software%20II/src/Main/Login.java</file>
            <file>file:/C:/Users/Kohak/Documents/NetBeansProjects/Guia%20II%20software%20II/src/Main/FramePrincipal.java</file>
        </group>
    </open-files>
</project-private>
